title,choices,answer
以下哪个问题反映的不是职业价值观? ,"['A. 你觉得什么样的职业是有意义的?', 'B. 你希望通过职业实现什么目标?', 'C. 你觉得什么职业最能发挥你的潜能?', 'D. 你最希望职业能给你什么回报?']",正确答案：C
"无须担心失业以及收入,不会轻易被解雇,就业率没有季节性的高低起伏,收入总体来说稳定可预知,不会因技术革命而淘汰。这是哪一种职业价值观?","['A. 多样性', 'B. 稳定性', 'C. 声望地位', 'D. 高收入']",正确答案：B
"给予你较多自由来自己做出决策,无须在他人的监督或指导下工作。这是哪一种职业价值观?","['A. 管理权力', 'B. 多样性', 'C. 独立自主', 'D. 社会声望']",正确答案：C
兴趣与能力有密切的关系，兴趣等同于能力。,"['A. 对', 'B. 错']",正确答案：B
个人兴趣类型与职业环境之间的适配将增加个人的工作满意度、职业稳定性和职业成就感。,"['A. 对', 'B. 错']",正确答案：A
社会型特质的人喜欢的活动是喜欢与人合作，热情关心他人的幸福，愿意帮助别人成长或解决困难、为他人提供服务。,"['A. 对', 'B. 错']",正确答案：A
大学生要严格按照职业兴趣测评的结果进行决策。,"['A. 对', 'B. 错']",正确答案：B
"每个人的职业价值观都是固定的,是本性使然,不会随着时间、经历的改变而改变。","['A. 对', 'B. 错']",正确答案：B
学生对退学处理有异议的，可以在接到学校退学决定之日起（   ）个工作日内，向学校学生申诉处理委员会提出书面申诉。,"['A. 3', 'B. 5', 'C. 10', 'D. 15']",正确答案：B
本科学制由国家统一规定，一般为（   ）年。,"['A. 一', 'B. 二', 'C. 三', 'D. 四']",正确答案：D
退学决定自（   ）起生效。,"['A. 送达之日', 'B. 送达后一日', 'C. 送达后一周', 'D. 学生本人签收后一日']",正确答案：A
退学决议书无法送达的，在学校公告栏公布退学决定。自公布之日起经过（ ）日，即视为送达。,"['A. 7', 'B. 14', 'C. 15', 'D. 30']",正确答案：C
新生入学后，学校在（   ）个月内按照国家招生规定对其进行复查。,"['A. 一', 'B. 二', 'C. 三', 'D. 四']",正确答案：C
学生对学校的处分决定有异议的，在学校处分决定书送达之日起（   ）个工作日内，可以向学校学生申诉处理委员会提出书面申诉。,"['A. 5', 'B. 7', 'C. 10', 'D. 15']",正确答案：A
对学生的退学处理，由（   ）研究决定。,"['A. 教务处', 'B. 所在院系', 'C. 校长办公会议', 'D. 省级教育行政部门']",正确答案：C
退学的学生，应在（   ）内办理退学手续离校。,"['A. 一周', 'B. 两周', 'C. 一个月', 'D. 本学期']",正确答案：B
在一学期内请假、缺课时间达到该学期总学时（   ）的学生（获准部分免听者除外），应予休学。,"['A. 1/2', 'B. 1/3', 'C. 1/4', 'D. 1/5']",正确答案：B
一门课程缺课的学时累计达到该门课程总学时数的（   ）者（获准部分免听者除外），该门课程必须重修。,"['A. 1/2', 'B. 1/3', 'C. 1/4', 'D. 1/5']",正确答案：B
学业成绩未达到学校要求，相连两个学期未能获得该专业教学计划（   ）学分者，应当退学。,"['A. 14', 'B. 16', 'C. 18', 'D. 20']",正确答案：D
同一门课程重修不得超过（   ）次。,"['A. 一', 'B. 二', 'C. 三', 'D. 四']",正确答案：B
被学校开除学籍的学生，学校发给（   ）。,"['A. 毕业证', 'B. 结业证', 'C. 肄业证', 'D. 学习证明']",正确答案：D
学生在规定最长在校年限之内，所获学分达到教学计划总学分数（   ）者准予结业。,"['A. 60%', 'B. 70%', 'C. 80%', 'D. 90%']",正确答案：D
有下列哪些情况的，可以申请转专业？,"['A. 在某一学科方面有特长的学生,例如：发表论文、著作、作品;', 'B. 在某一学科方面有特长的学生,例如：在省级以上学科竞赛获奖;', 'C. 在某一学科方面有特长的学生，并且提供确凿证明证实申请者转到相应专业能进一步发挥其特长;', 'D. 因为身体健康原因，经学校指定医院检查证明不能在原专业学习、但尚能在本校其他专业学习者。']",正确答案：A、B、C、D
学生有下列哪些情形的，应当退学？,"['A. 休学期满，在学校规定期限内提出复学申请；', 'B. 经学校指定医院诊断，患有疾病或者意外伤残无法继续在校学习者；', 'C. 未请假离校、连续两周不参加学校规定的教学活动者；', 'D. 超过学校规定期限未注册而又无正当事由者。']",正确答案：B、C、D
学业成绩未达到学校要求，相连两个学期未能获得该专业教学计划20学分者，应当退学。                                ,"['A. 对', 'B. 错']",正确答案：A
应予退学的学生，经其他院校同意，可以转学。                                    ,"['A. 对', 'B. 错']",正确答案：B
被学校开除学籍的学生，学校发给学历证书，但不颁发学位证书。                                    ,"['A. 对', 'B. 错']",正确答案：B
退学决定书由学生所在学院（研究院、教学部、园区学生工作站）送交学生本人，由学生本人签收，签收日期为送达日期。	,"['A. 对', 'B. 错']",正确答案：A
未请假离校、一周不参加学校规定的教学活动者，应当退学。	,"['A. 对', 'B. 错']",正确答案：B
患有疾病且经批准保留入学资格的新生，具有学籍，可以随时入学。,"['A. 对', 'B. 错']",正确答案：B
学生转入新的专业后，转专业前已修习的课程，重修时可以根据本人对课程的掌握程度申请部分免听。                                    ,"['A. 对', 'B. 错']",正确答案：A
"学生有缴纳学费的义务。每学期开学时，学生都必须按其专业年级的缴费标准,按照一学期额度缴纳学费。  ","['A. 对', 'B. 错']",正确答案：B
经过院系批准，学习能力强的学生可以提前修习某些后续课程；学习有困难的学生可以推后缓修某些课程。                                    ,"['A. 对', 'B. 错']",正确答案：A
因病休学的学生，申请复学时，须由学校指定医院诊断，证明已恢复健康，并经校医院复查合格，方可复学。                                    ,"['A. 对', 'B. 错']",正确答案：A
新生入学后，学校对其进行复查。复查不合格者，由学校区别情况，予以处理，但不会取消其入学资格。,"['A. 对', 'B. 错']",正确答案：B
学生对学校的处分决定有异议的，在学校处分决定书送达之日起15个工作日内，可以向学校学生申诉处理委员会提出书面申诉。	,"['A. 对', 'B. 错']",正确答案：B
学生复学应在注册后办理复学手续。	,"['A. 对', 'B. 错']",正确答案：B
学业优秀、学习能力强的学生，经本人申请和学院批准，某些课程(政治课、体育课、实验课除外)可以全部或部分免听。经过考核，成绩在及格以上者可获得该课程学分。	,"['A. 对', 'B. 错']",正确答案：A
因病经学校指定医院诊断，须停课治疗、休养时间占一学期总学时二分之一以上者，应予休学。	,"['A. 对', 'B. 错']",正确答案：A
因故不能如期注册的学生，应当向学生所在学院履行暂缓注册手续。未按学校规定缴纳学费或者其他不符合注册条件的不予注册。	,"['A. 对', 'B. 错']",正确答案：A
对学生的表彰和奖励可以给予精神奖励，也可以给予物质奖励。	,"['A. 对', 'B. 错']",正确答案：A
招生时确定为定向、委托培养的学生，可以根据自身情况转学。	,"['A. 对', 'B. 错']",正确答案：B
学生转入新的专业，原则上依照入学时的年级所适用的学籍管理细则进行管理。                                   ,"['A. 对', 'B. 错']",正确答案：A
学生不能按时参加教育教学计划规定的活动，如有理由，事后说明情况即可。                                    ,"['A. 对', 'B. 错']",正确答案：B
患有疾病的新生，经学校指定等级的医院诊断不宜在校学习的，经教务处批准，可以离校治疗，保留入学资格的时间最多不得超过一学期。,"['A. 对', 'B. 错']",正确答案：B
休学期满，在学校规定期限内未提出复学申请、或者申请复学经复查不合格者，应当退学。	,"['A. 对', 'B. 错']",正确答案：A
保留学籍的学生可以享受在校生和休学生待遇。	,"['A. 对', 'B. 错']",正确答案：B
因生理缺陷或患某种疾病的学生，可以随时免于或暂缓参加军事训练；体育课可随时转修“保健体育课”。                                   ,"['A. 对', 'B. 错']",正确答案：B
学生完成本专业学业、同时辅修其他专业并达到该专业辅修要求者，学校发给辅修专业证书。                                    ,"['A. 对', 'B. 错']",正确答案：A
学生因特殊困难等原因，经本人申请、学校批准，最多可保留学籍一学期。	,"['A. 对', 'B. 错']",正确答案：B
违反国家招生规定入学者，学校不得发给学历证书、学位证书。	,"['A. 对', 'B. 错']",正确答案：A
对学生的表彰和奖励可以采取授予“三好学生”称号或者其他荣誉称号、颁发奖学金等多种形式。                                    ,"['A. 对', 'B. 错']",正确答案：A
凡属弄虚作假、徇私舞弊取得学籍者，如经查实，说明情况即可。,"['A. 对', 'B. 错']",正确答案：B
学生严重违反考核纪律或者作弊的，该课程考核成绩记为无效，并按《厦门大学考场纪律及违规处理办法》给予批评教育或纪律处分。	,"['A. 对', 'B. 错']",正确答案：A
学生转学，须转户口的由转入地省级教育行政部门将有关文件抄送转入校所在地公安部门。                                 ,"['A. 对', 'B. 错']",正确答案：A
休学学生原来享受专业奖学金的，按原有等级发放。                                   ,"['A. 对', 'B. 错']",正确答案：B
未按期入学的新生，未经请假、或请假未被批准、或请假逾期的，除因不可抗力等正当事由以外，视为放弃入学资格。,"['A. 对', 'B. 错']",正确答案：A
学生本人申请退学的应由本人填写退学申请表、学院签署意见，报送教务处。                                    ,"['A. 对', 'B. 错']",正确答案：A
凡我校录取的新生，须持录取通知书和有关证件，按期到校办理入学手续。因故不能按期入学者，必须向学院书面请假并附相关证明。未经请假、或请假未被批准、或请假逾期（   ）周的，除因不可抗力等正当事由以外，视为放弃入学资格。,"['A. 一', 'B. 二', 'C. 三', 'D. 四']",正确答案：B
若非因病等特殊情况，学生休学一般以（   ）为期。,"['A. 一学期', 'B. 一年', 'C. 两年', 'D. 三年']",正确答案：B
学生本人拒绝签收退学决定书的，由学院（研究院、教学部、园区学生工作站）负责送达的工作人员邀请（   ）名以上的教师或学生作为见证人，在送达回证上记明拒收事由和日期，由送达人、见证人签名。,"['A. 二', 'B. 三', 'C. 四', 'D. 五']",正确答案：A
每个学生在学期间能够申请（   ）次转专业。,"['A. 四', 'B. 三', 'C. 二', 'D. 一']",正确答案：D
学生可以分阶段完成学业。学校允许学生提前（   ）年毕业。,"['A. 一', 'B. 二', 'C. 三', 'D. 四']",正确答案：A
提前毕业学生待遇与其他毕业生相同。                                    ,"['A. 对', 'B. 错']",正确答案：A
学校执行高等教育学历证书电子注册管理制度，每年将颁发的毕(结)业证书信息报福建省教育行政部门注册，并由福建省教育行政部门报国务院教育行政部门备案。	,"['A. 对', 'B. 错']",正确答案：A
申请免听课程考试一般与上届学生的课程考试同时进行，考试难度可以根据学生具体情况进行调整，不必一致。	,"['A. 对', 'B. 错']",正确答案：B
学生申诉期间，应停止处分的执行。	,"['A. 对', 'B. 错']",正确答案：B
经学校指定医院诊断，患有疾病或者意外伤残无法继续在校学习者，应当退学。                                    ,"['A. 对', 'B. 错']",正确答案：A
学生在校年限（含休学、保留入学资格和保留学籍）不得超出其学制三年（即四年制本科生不超出七年、五年制本科生不超出八年）。                                    ,"['A. 对', 'B. 错']",正确答案：B
对违法、违规、违纪行为的学生，给予批评教育，或者按照学生违规处分办法和程序，给予与学生违法、违规、违纪行为的性质和过错的严重程度相适应的纪律处分。                                    ,"['A. 对', 'B. 错']",正确答案：A
结业后达到毕业要求的学生，可以换发毕业证，但毕业时间应按结业日期填写。                                    ,"['A. 对', 'B. 错']",正确答案：B
学生的奖励与处分材料应归入本人档案，不归入学校文书档案。	,"['A. 对', 'B. 错']",正确答案：B
家庭经济困难的学生可以申请贷款或者其他形式资助，办理有关手续后注册。,"['A. 对', 'B. 错']",正确答案：A
肄业后的学生，经申请，以后可以换发毕业证明。	,"['A. 对', 'B. 错']",正确答案：B
学生应当按照学校和学院的规定，在指导教师的指导下，办理选课手续。凡规定有先修课程的，须取得先修课程学分后方可继续修习后续课程。	,"['A. 对', 'B. 错']",正确答案：A
学生不能按时参加课程考核，该课程必须重修。如有其他情况，经任课老师同意，可以免于重修。	,"['A. 对', 'B. 错']",正确答案：B
免听课程的考试必须按照教学大纲的要求考核全部内容，试题由任课教师拟定，系主任核准。                                  ,"['A. 对', 'B. 错']",正确答案：A
每学期开学时，学生必须按校历规定日期到学院办理注册手续方可取得本学期学习资格。本人未按时办理的，注册手续应由他人及时代办。,"['A. 对', 'B. 错']",正确答案：B
学生可以分阶段完成学业。学校允许学生申请保留学籍（   ）年从事创业等活动。,"['A. 1-2', 'B. 2-3', 'C. 3-4', 'D. 4-5']",正确答案：A
未修、或已修不及格课程在结业后（   ）内可申请自费重修或补考，合格者可以换发毕业证书。,"['A. 两周', 'B. 一月', 'C. 一学期', 'D. 一年']",正确答案：D
休学后复学的学生，未修满（   ）又休学应视为连续休学。,"['A. 两周', 'B. 一个月', 'C. 两个月', 'D. 一学期']",正确答案：D
因病经学校批准，可连续休学，但累计不得超过（   ）。,"['A. 两年', 'B. 三年', 'C. 四年', 'D. 五年']",正确答案：A
因病经学校指定医院诊断，须停课治疗、休养时间占一学期总学时（   ）以上的学生，应予休学。,"['A. 2/3', 'B. 1/2', 'C. 1/3', 'D. 1/4']",正确答案：C
转专业能有利于学生自主学习成才的学生，转专业前在本专业所修的公共基础课程以及与申请转入专业相同的课程绝大多数应达到（   ）以上成绩的。,"['A. 不及格（未达60分）', 'B. 及格（60分)', 'C. 良好（70分）', 'D. 优秀（85分）']",正确答案：C
留学生、港澳台侨学生的学籍管理不参照本规定施行。                                    ,"['A. 对', 'B. 错']",正确答案：B
未办理休学手续而擅自离校者，视为自动退学。                                   ,"['A. 对', 'B. 错']",正确答案：A
学生可以根据校际间协议跨校修读课程。在他校修读的课程成绩(学分)经任课老师同意后，可以替代或免修教学计划规定的相应课程和学分。                                ,"['A. 对', 'B. 错']",正确答案：B
同一门课程最多可以重修三次。                                    ,"['A. 对', 'B. 错']",正确答案：B
学生可以根据自己的兴趣、爱好和特长，经所在院系和开课院系的同意，可选修其他专业的课程。	,"['A. 对', 'B. 错']",正确答案：A
入学未满三个月的学生不得转学，超过三个月的可以转学。	,"['A. 对', 'B. 错']",正确答案：B
因病经学校批准，可连续休学两年，累计不得超过三年。	,"['A. 对', 'B. 错']",正确答案：B
学生转学，经对方院校同意，即可办理转学手续。	,"['A. 对', 'B. 错']",正确答案：B
本科学制由国家统一规定，所有专业不得超过四年。                                  ,"['A. 对', 'B. 错']",正确答案：B
休学学生不享受贷学金。	,"['A. 对', 'B. 错']",正确答案：A
新生入学未满一学期者不能申请转专业。	,"['A. 对', 'B. 错']",正确答案：A
学生申请休学应填写休学申请表，并附相关证明，如取得所在学院签署意见，可以不报教务处。	,"['A. 对', 'B. 错']",正确答案：B
下列选项中，使用身份证双因素的是（）,"['A. 电话卡', 'B. 交通卡', 'C. 校园饭卡', 'D. 银行卡']",正确答案：D
户外遇雷电时怎么办(    ),"['A. 跑向高处', 'B. 远离建筑物外露的水管、煤气管等金属物体', 'C. 到大树下避雨', 'D. 练功']",正确答案：B
运动中发生意外伤害后，下列哪种是错误的（）,"['A. 碰伤、摔伤较严重时，不要轻易搬动伤口，以免加重伤势。', 'B. 如果伤口出血过多，用布条缠住，两个小时后再松开。', 'C. 如果手指不幸被弄断，把断指用干净的布条包起来，把伤员送到医院。', 'D. 不要慌张。']",正确答案：B
邪教通常利用各种（  ），引诱信徒消极厌世，挑动他们对现实和政府的不满情绪。,"['A. 社会矛盾', 'B. 家庭问题', 'C. 人际关系问题', 'D. 环境问题']",正确答案：A
"网络蠕虫一般指利用计算机系统漏洞、通过互联网传播扩散的一类病毒程序。为了防止受到网络蠕虫的侵害,应当注意对( )进行升级更新。","['A. 计算机操作系统', 'B. 计算机硬件', 'C. 文字处理软件', 'D. 视频播放软件']",正确答案：A
目前我国通用的火灾报警电话是（）,"['A. 119', 'B. 110', 'C. 120', 'D. 122']",正确答案：A
驾驶（）须带安全头盔,"['A. 自行车', 'B. 摩托车', 'C. 助动车', 'D. 玩具车']",正确答案：B
某天你接到一个电话，对方自称是**公安局的警官，并直接报出你的名字和身份证号。警官称你的银行卡涉嫌洗钱犯罪，正在被警方通缉，如果要洗清嫌疑，需要把卡内的钱转到一个指定账户，核实排除嫌疑后，再把钱打回原账户，你应该怎么做? （）,"['A. 按对方要求到银行柜员机去转账，尽快洗清自己的嫌疑。', 'B. 对方知道我的名字和身份证号，应该是真的。', 'C. 不相信，因为公安机关办案有严格程序，绝对不会在电话里办案，挂掉电话并拨打110报警。', 'D. 以上都不对']",正确答案：C
从我国历史和现实情况看，邪教的根本目的是企图谋取（）地位和权力。,"['A. 经济', 'B. 政治', 'C. 文化', 'D. 精神']",正确答案：B
一位学生收到了“刷信誉能赚钱”的兼职邀请。第一天要求你花100元购买商品，刷满信誉后，返还你150元。第二天花300元购买商品，返还500元。几 天下来平均每天赚个一两百块。这天对方表示，随着等级升高需要花5000元购买商品，随后返还10000元，你碰到这种情况该怎么办?（）,"['A. 赚钱好容易，要刷下去。', 'B. 可能是陷阱。', 'C. 先尝点甜头再说。', 'D. 不予理睬。']",正确答案：D
"下列情形中,不构成侵权的是( ) ","['A. 未经他人同意擅自在网络上公布他人隐私', 'B. 下载网络小说供离线阅读', 'C. 伪造、篡改个人信息', 'D. 非法侵入他人电脑窃取资料']",正确答案：B
被困在电梯中应（）,"['A. 将门扒开脱险。', 'B. 从电梯顶部脱险', 'C. 电话求救或高声呼喊', 'D. 嚎啕大哭']",正确答案：C
驾驶两轮摩托车与乘坐摩托车正确的方式是(    ),"['A. 戴好安全头盔，正向骑坐', 'B. 戴上安全头盔，背向骑坐', 'C. 侧向骑坐，把头盔拿在手里', 'D. 以最舒适的姿势骑坐']",正确答案：A
如果你不幸溺水，当有人来救你的时候，你应该怎样配合别人,"['A. 紧紧抓住那人的胳膊或腿', 'B. 身体放松，让救你的人托着你的腰部', 'C. 用双手抱住对方的身体 ', 'D. 踢走他 ']",正确答案：B
地震发生后，从高楼撤离时应走(    ),"['A. 安全通道', 'B. 跳楼', 'C. 乘坐电梯', 'D. 墙壁']",正确答案：A
你在某同城网站上看到一条宠物赠送信息，是一只非常可爱的猫咪，而你的妹妹非常想要一只猫，对方留下联系方式称:只需将300元物流费打到他卡上，你就能得到这只血统名贵的小猫，你会:（）,"['A. 打钱给他，让他寄猫给你。', 'B. 骗子吧，还是不要了。', 'C. 一手交钱，一手交猫。', 'D. 以上都不对。']",正确答案：B
在商场或书店中如何避震(    ),"['A. 远离高大的货架或书架', 'B. 躲在高大的货架或书架之间', 'C. 往电梯跑，赶快乘电梯下楼', 'D. 趁机行窃']",正确答案：A
地铁失火逃生，要做到(    ),"['A. 应听从工作人员的指挥，保护自己，有序逃生', 'B. 贪恋财物', 'C. 盲目相互拥挤，冲撞', 'D. 撒尿灭火']",正确答案：A
发现宿舍被盗后怎么办？,"['A. 赶紧翻看自己的柜子箱子抽屉查看自己的财物少了些什么', 'B. 立即向学校保卫处报告，保护现场', 'C. 不作声，不了了之', 'D. 诅咒小偷']",正确答案：B
在影剧院如何避震(    ) ,"['A. 不要慌乱，就地避震，趴在座椅旁', 'B. 集中到没有座椅的地方', 'C. 不顾一切向外跑', 'D. 趁机起哄']",正确答案：A
最近手头比较紧，需要一笔资金来支撑一下生活的需要，正好看到某小广告上有介绍办理小额贷款的，利率又不高，电话打通后，对方要求先行支付押金等，这时正确做法?（）,"['A. 按照对方说的，直接支付押金给对方。', 'B. 应该是假的，我不要了。', 'C. 我还是选择到正规渠道（银行）办理贷款业务比较保险。', 'D. 跟对方讨价还价后，再看看情况。']",正确答案：C
《中华人民共和国道路交通安全法》中所称的机动车是指（）。,"['A. 各种客车、货车、三轮车', 'B. 各种货运车、客运汽车、公共汽车', 'C. 各种汽车、电车、电瓶车、摩托车、拖拉机、轮式专用机械车', 'D. 自行车']",正确答案：C
"某同学接到信息,对方能正确报出他的姓名、身份证号码以及银行卡号等信息,告知他银行卡密码出现漏洞,请重新设置密码,这时正确的做法是（）。","['A. 立即重设密码。', 'B. 向银行确认。', 'C. 不予理会。', 'D. 报警。']",正确答案：B
灭火器使用时的安全距离是（）？,"['A. 1-1.5米', 'B. 3-5米', 'C. 5-8米', 'D. 8-10米']",正确答案：B
发生交通事故，有人被压在车轮或货物下时，错误的救援方法是(    ),"['A. 设法抬升车辆', 'B. 拨打急救电话', 'C. 拉拽伤者的肢体', 'D. 搬走货物']",正确答案：C
某日一位同学接到朋友电话，称某某地方有发财的机会，叫其赶紧过去看看，这时该同学该怎么做?（）,"['A. 不经过核实，赶紧离职过去看看。', 'B. 还是询问一下具体做什么的，会不会是传销诱骗。', 'C. 打电话询问一下其他同学。', 'D. 只要是能赚钱的，管他什么传销，我都要参与。']",正确答案：B
发生火灾时，如各种逃生的路线被切断，最直接的方法应当（）同时，可向室外扔出小东西，在夜晚则可向外打手电，发出求救信号。,"['A. 大声呼救', 'B. 强行逃生', 'C. 退居室内，关闭门窗', 'D. 躺在床上，瑟瑟发抖']",正确答案：C
晚上骑自行车途中，迎面遇到一辆驶来的汽车，灯光非常耀眼，为了安全应该是(    ),"['A. 用手遮挡灯光', 'B. 闭目缓慢行驶', 'C. 下车靠边避让', 'D. 迎着灯光行驶']",正确答案：C
如何防止室内电线起火？,"['A. 要注意安全用电； ', 'B. 不要超负荷用电；', 'C. 陈旧、老化或破裂的电线，要及时更换；', 'D. 不要随便处理或扯、拉电器设备的导线。尤其注意不要在家具和地毯下面拉设电线，以防搬移家具或人员踩踏时发生短路而引起火灾。  ']",正确答案：A、B、C、D
宿舍防盗应注意哪些问题？（）,"['A. 最后离开宿舍的同学要关好门窗，锁好门', 'B. 不要随意留宿不知底细的人', 'C. 对形迹可疑的陌生人要提高警惕', 'D. 注意保管好自己的钥匙，不要随便借给他人']",正确答案：A、B、C、D
为避免抢劫应注意哪些？（）,"['A. 不炫耀随身的贵重物品', 'B. 不独自出游', 'C. 不走偏僻阴暗的地方', 'D. 不滞留校外']",正确答案：A、B、C、D
下列哪些行为是学校严禁的？,"['A. 公寓（宿舍）熄灯后，用蜡烛照明', 'B. 留宿他人', 'C. 无故进入异性公寓', 'D. 男女混居', 'E. 乱拉电线', 'F. 破坏公物']",正确答案：A、B、C、D、E、F
吸烟在哪些情况下容易引起火灾？,"['A. 躺在床上和沙发上吸烟', 'B. 在禁止吸烟的地方吸烟', 'C. 在修理汽车和清洗零件时', 'D. 乱扔未熄灭的烟点和火柴梗']",正确答案：A、B、C、D
境外敌对势力和情报机构的活动特点,"['A. 窃密主体更加多元', 'B. 窃密领域不断扩大', 'C. 窃密方式更加多样', 'D. 窃密技术更加先进']",正确答案：A、B、C、D
大学生常见的就业陷阱,"['A. 押金、保证金', 'B. 拒签就业协议书  ', 'C. 熟人欺诈', 'D. 皮包公司、空壳公司']",正确答案：A、B、C、D
以下属于国家秘密的有,"['A. 国家事务的重大决策中的秘密事项', 'B. 国防建设和武装力量活动中的秘密事项', 'C. 外交和外事活动中的秘密事项以及对外承担保密义务事项  ', 'D. 国民经济和社会发展中的秘密事项 ', 'E. 科学技术中的秘密事项', 'F. 维护国家安全活动和追查刑事犯罪中的秘密事项']",正确答案：A、B、C、D、E、F
女生夜间行走应注意哪些？（）,"['A. 保持警惕，最好结伴而行，不走偏僻、阴暗的小路', 'B. 陌生男人问路，不要带路；向陌生男人问路，不要让他带路', 'C. 不要穿过分暴露的衣服', 'D. 不要搭陌生人的车辆，防止落入坏人圈套。']",正确答案：A、B、C、D
在校内骑自行车应注意哪些事项？,"['A. 骑自行车应在道路右侧靠边慢行', 'B. 不得撒手骑车，转弯时应减速瞭望，并伸手示意', 'C. 禁止骑车冲坡、载人', 'D. 停放自行车时应在规定地点有序停放，不得占道']",正确答案：A、B、C、D
女生集体宿舍应如何注意安全,"['A. 经常进行安全检查。如发现损坏，及时报告学校有关部门修理；', 'B. 就寝前要关好门窗，防止犯罪分子趁自己熟睡时作案；', 'C. 夜间上厕所要格外小心； ', 'D. 中午或夜间如有人敲门，要问清是谁再开门。']",正确答案：A、B、C、D
高层楼上发生火灾时，我们不应该（）,"['A. 乘坐电梯', 'B. 从窗户逃生', 'C. 从楼梯逃生', 'D. 从窗户呼救']",正确答案：A、B
怎样使用毛巾防烟？,"['A. 折叠层数要依毛巾的质地而异，一般毛巾折叠8层为宜，这样烟雾浓度消除率可达60%。', 'B. 毛巾不必弄湿', 'C. 使用时要捂住口和鼻，滤烟的面积尽量增大', 'D. 毛巾必须弄湿']",正确答案：A、B、C
小陈接到电话，称其有一张法院传票。小陈继续询问详情后，电话转接到一位警官处，对方称要通过电话做笔录。小陈当即挂断电话，因为警方不可能通过电话来调査案件。,"['A. 对', 'B. 错']",正确答案：A
不吃早餐易得胆结石。,"['A. 对', 'B. 错']",正确答案：A
滋扰是指对校园秩序的破坏和对大学生无端挑衅、侵犯和伤害的行为,"['A. 对', 'B. 错']",正确答案：A
小张收到“双11嘉年华”发来的邮件，称其获得购物参与大奖，让其点击链接进入节目网站领取奖品。小张非常兴奋，赶紧上网领奖。,"['A. 对', 'B. 错']",正确答案：B
饱食后饮碳酸饮料对身体不好。,"['A. 对', 'B. 错']",正确答案：A
小钱收到短信，称其有邮包被扣在邮局，让其回电。小钱回电后，对方称其邮包涉毒，直接将电话转接到公安局。小钱很是害怕，继续接听。,"['A. 对', 'B. 错']",正确答案：B
小郑办有某银行的网上银行业务。这天，他收到银行客服号发来的短信，称其网上银行即将过期，可点击链接进行更 新。小郑仔细査看链接的网址后，拨打银行客服电话进行咨询.,"['A. 对', 'B. 错']",正确答案：A
灭火的重点阶段在初期,"['A. 对', 'B. 错']",正确答案：A
程同学在网上收到闺蜜发来的QQ消息，称她手机被偷，急需买一个新手机，向她暂借500元，碍于姐妹情谊，程同学二话不说就给对方打款。,"['A. 对', 'B. 错']",正确答案：B
涉及学位论文和公开发表的研究成果的，情节特别严重的，可以给予（    ）处分,"['A. 严重警告', 'B. 记过', 'C. 留校察看', 'D. 开除学籍']",正确答案：D
违反学校学生住宿管理规定，在宿舍区有按饲养或容留动物的，经告诫不改的，视情节轻重，给予（   ）以上处分,"['A. 警告', 'B. 记过', 'C. 留校察看', 'D. 开除学籍']",正确答案：A
侵吞或挪用公共款物，案值超过六百元的，视情节轻重，给予（   ）以上处分：,"['A. 严重警告', 'B. 记过', 'C. 留校察看', 'D. 开除学籍']",正确答案：B
违反宪法，反对四项基本原则、破坏安定团结、扰乱社会秩序的，视情节轻重，给予（   ）以上处分：,"['A. 严重警告', 'B. 记过', 'C. 留校察看', 'D. 开除学籍']",正确答案：B
处分决定书由学生所在学院（研究院、教学部）在（   ）个工作日内送交学生本人，由学生本人签收，签收日期为送达日期：,"['A. 5', 'B. 10', 'C. 15', 'D. 20']",正确答案：B
违反学校学生住宿管理规定，在宿舍区有违规占用床位或妨碍他人入住的，经告诫不改的，视情节轻重，给予（   ）以上处分,"['A. 警告', 'B. 记过', 'C. 留校察看', 'D. 开除学籍']",正确答案：A
"在学术活动中有违背学术诚信、学术道德的行为,情节较为严重的，给予(   )以上处分","['A. 严重警告', 'B. 记过', 'C. 留校察看', 'D. 开除学籍']",正确答案：A
社区服务工作应分日实施，每日工作时间一般不超过（   ）小时，应在两个月内执行完毕：,"['A. 12', 'B. 10', 'C. 8', 'D. 4']",正确答案：D
与他人发生非婚性行为，造成不良影响或严重后果的，视情节轻重，给予（   ）以上处分：,"['A. 严重警告', 'B. 记过', 'C. 留校察看', 'D. 开除学籍']",正确答案：A
违反学校学生住宿管理规定，在宿舍区有使用明火或焚烧物品的，经告诫不改的，视情节轻重，给予（   ）以上处分,"['A. 警告', 'B. 记过', 'C. 留校察看', 'D. 开除学籍']",正确答案：A
故意伤害他人身体，造成伤害后果的，视情节轻重，给予（   ）以上处分：,"['A. 严重警告', 'B. 记过', 'C. 留校察看', 'D. 开除学籍']",正确答案：B
过失伤害他人身体，尚未触犯法律的，视后果严重程度，给予（   ）以下处分：,"['A. 严重警告', 'B. 记过', 'C. 留校察看', 'D. 开除学籍']",正确答案：B
冒用学校或校内单位的名义从事各类活动，侵害学校利益，给学校造成不良影响或损失的，视情节轻重，给予（   ）以上（   ）以下处分,"['A. 严重警告、留校察看', 'B. 记过、留校察看', 'C. 留校察看、严重警告', 'D. 留校察看、开除学籍']",正确答案：A
学生受到（   ）以上处分的，其处分材料真实完整地存入文书档案和人事档案：,"['A. 严重警告', 'B. 记过', 'C. 留校察看', 'D. 开除学籍']",正确答案：B
"动手打人致他人受伤的, 视情节轻重，给予（   ）以上处分","['A. 严重警告', 'B. 记过', 'C. 留校察看', 'D. 开除学籍']",正确答案：B
妨碍学校管理人员依照学校规定执行公务的，视情节轻重，给予（   ）以下处分：,"['A. 严重警告', 'B. 记过', 'C. 留校察看', 'D. 开除学籍']",正确答案：B
违反学校学生住宿管理规定，在宿舍区有违章接拉电线、使用大功率或发热元件外露电器、超负荷使用电器的，经告诫不改的，视情节轻重，给予（   ）以上处分,"['A. 警告', 'B. 记过', 'C. 留校察看', 'D. 开除学籍']",正确答案：A
未经允许开设代理、文件传输协议、网页等网络应用服务，造成不良影响或严重后果的，视情节轻重，给予（    ）以上处分,"['A. 严重警告', 'B. 记过', 'C. 留校察看', 'D. 开除学籍']",正确答案：A
"故意损坏公私财物,造成损失或性质恶劣的，视情节轻重,给予（   ）以上处分","['A. 警告', 'B. 记过', 'C. 留校察看', 'D. 开除学籍']",正确答案：A
违反社会实践或实习单位所属行业职业道德，造成不良影响或后果的，视情节轻重，给予（   ）以下处分：,"['A. 严重警告', 'B. 记过', 'C. 留校察看', 'D. 开除学籍']",正确答案：C
触犯国家法律，构成刑事犯罪，受到刑事处罚的，给予（    ）处分：,"['A. 严重警告', 'B. 记过', 'C. 留校察看', 'D. 开除学籍']",正确答案：D
有以下（   ）情形的，应当从轻、减轻或者免于处分,"['A. 主动配合学校相关部门开展调查工作的', 'B. 胁迫、诱骗他人或者教唆他人违纪的', 'C. 勾结校外人员的', 'D. 伪造、销毁、藏匿证据的']",正确答案：A
吸食、注射毒品的，视情节轻重，给予(   )以上处分：,"['A. 严重警告', 'B. 记过', 'C. 留校察看', 'D. 开除学籍']",正确答案：C
盗窃公私财物，案值在六百元以上不足三千元的，给予（   ）处分：,"['A. 严重警告', 'B. 记过', 'C. 留校察看', 'D. 开除学籍']",正确答案：B
在校园内违规驾驶机动车辆，视情节轻重，给予（   ）以上处分：,"['A. 警告', 'B. 记过', 'C. 留校察看', 'D. 开除学籍']",正确答案：A
伪造、变造、买卖或者非法取得学校公文、证件、证书、证明、成绩单、印章、保密文件材料和个人档案的，视情节轻重，给予（   ）以上处分：,"['A. 严重警告', 'B. 记过', 'C. 留校察看', 'D. 开除学籍']",正确答案：A
在考试中作弊的，视情节轻重，给予(   )以上处分,"['A. 严重警告', 'B. 记过', 'C. 留校察看', 'D. 开除学籍']",正确答案：B
社区服务时数按以下标准执行：拟给予警告处分的，学生须完成（   ）小时以上的社区服务：,"['A. 30', 'B. 40', 'C. 50', 'D. 60']",正确答案：B
有以下（   ）情形的，应当从重或者加重处分：,"['A. 在共同违纪中起次要或辅助作用的', 'B. 受他人胁迫或诱骗的', 'C. 勾结校外人员的', 'D. 情节轻微的 ']",正确答案：C
污损建筑物、公用设备，或违章张贴、悬挂条幅、攀折花木，经告诫不改的，给予（   ）处分：,"['A. 警告', 'B. 记过', 'C. 留校察看', 'D. 开除学籍']",正确答案：A
违反学校学生住宿管理规定，在宿舍区有按规定应集中住宿的学生未经批准夜不归宿或未履行相关管理手续在校外租房居住的，经告诫不改的，视情节轻重，给予（   ）以上处分,"['A. 警告', 'B. 记过', 'C. 留校察看', 'D. 开除学籍']",正确答案：A
拟给予严重警告处分的，学生须完成（   ）小时以上的社区服务：,"['A. 30', 'B. 40', 'C. 50', 'D. 60']",正确答案：D
"在学术活动中违背学术诚信、学术道德,有伪造注释的的行为,情节较为严重的，给予(   )以上处分","['A. 严重警告', 'B. 记过', 'C. 留校察看', 'D. 开除学籍']",正确答案：A
未经批准，一学期内连续离校天数达四天以上，经告诫不改的，视情节轻重，给予(  )以下处分。法定节假日和学校规定的假期不计入连续天数的计算。,"['A. 严重警告', 'B. 记过', 'C. 留校察看', 'D. 开除学籍']",正确答案：C
通过写恐吓信、自伤自残或其他方法和行为，威胁他人安全或干扰他人正常生活的，视情节轻重，给予（   ）以上处分：,"['A. 严重警告', 'B. 记过', 'C. 留校察看', 'D. 开除学籍']",正确答案：A
违反教室、实验室、图书馆和计算机房等教学、科研、学习场所管理规定，经告诫不改，造成严重后果的，视情节轻重，给予(   )以上处分,"['A. 严重警告', 'B. 记过', 'C. 留校察看', 'D. 开除学籍']",正确答案：A
组织、煽动罢课、闹事的，视情节轻重，给予（   ）以上处分,"['A. 严重警告', 'B. 记过', 'C. 留校察看', 'D. 开除学籍']",正确答案：B
考试中下列（  ）行为，应当被认为考试作弊：,"['A. 事先将与考试内容有关的文字抄写在桌椅、衣服、文具、身体上', 'B. 虽经允许离开考场，但在考场外偷看有关资料', 'C. 考试时向他人示意经告诫不改，或与他人核对考题答案', 'D. 考卷卷面模糊不清楚，向监考老师提出更换考卷']",正确答案：A、B、C
"在学术活动中违背学术诚信、学术道德,有（）行为，情节较为严重的，给予严重警告以上处分。其中，涉及学位论文的从重处分；情节特别严重的，可以给予开除学籍处分","['A. 抄袭、剽窃、侵吞他人学术成果的', 'B. 伪造或者篡改数据、文献，捏造事实的', 'C. 未参加创作，在他人学术成果上署名的', 'D. 由他人代写、为他人代写或组织代写论文的']",正确答案：A、B、C、D
下列的＿行为，视情节严重，被处以记过以下处分。,"['A. 妨碍学校管理人员依照学校规定执行公务的', 'B. 在公共场所或学生宿舍内，观看带有淫秽内容的文字或音像制品，经告诫不改的', 'C. 冒领、隐匿、毁弃或私自开拆他人通知单据、邮件等的', 'D. 与他人发生非婚性行为，造成不良影响或严重后果的']",正确答案：A、C
考试中下列（）行为，应当被认为考试作弊：,"['A. 评卷教师在评卷中发现同一科目同一考场有两份以上（含两份）答卷答案雷同的', 'B. 虽经允许离开考场，但在考场外偷看有关资料', 'C. 考试时向他人示意经告诫不改，或与他人核对考题答案', 'D. 因身体不适，向监考老师提出临时治疗措施']",正确答案：A、B、C
下列的（）行为，视情节严重，被处以留校察看以下处分。,"['A. 违反社会实践或实习单位所属行业职业道德，造成不良影响及后果的', 'B. 有扰乱校门管理、道路交通、消防安全等校园公共管理秩序的行为，造成不良影响或后果的', 'C. 制作或传播未经出版许可的报纸、图书、期刊、音像制品、电子出版物等，造成不良影响及后果的', 'D. 妨碍学校管理人员依照学校规定执行公务的']",正确答案：A、B、C
处分决定自下达之日起生效。,"['A. 对', 'B. 错']",正确答案：B
在校内外学术、文体等竞赛活动中有欺骗行为，造成不良影响或严重后果的，视情节轻重，给予严重警告以上处分。                                   ,"['A. 对', 'B. 错']",正确答案：A
违反学校管理规定，转借、转让、使用学校公文、证件、证书、证明、成绩单、印章、保密文件材料和个人档案，经告诫不改的，视情节轻重，给予严重警告以上处分。,"['A. 对', 'B. 错']",正确答案：B
学生申诉期间，不停止处分的执行。,"['A. 对', 'B. 错']",正确答案：A
《厦门大学学生申诉办法》适用于在厦门大学接受普通高等学历教育的研究生和本科生。,"['A. 对', 'B. 错']",正确答案：A
违反教室、实验室、图书馆和计算机房等教学、科研、学习场所管理规定，经告诫不改，未造成严重后果的，给予警告处分；造成严重后果的，视情节轻重，给予严重警告以上处分。,"['A. 对', 'B. 错']",正确答案：A
未经批准，一学期内连续离校天数达四天以上，经告诫不改的，视情节轻重，给予留校察看以下处分。法定节假日和学校规定的假期不计入连续天数的计算。,"['A. 对', 'B. 错']",正确答案：A
当日军侵袭厦门，危难之际，（ ）校长率厦大师生内迁长汀艰苦办学。,"['A. 林文庆', 'B. 王亚南', 'C. 萨本栋', 'D. 汪德耀']",正确答案：C
（ ）年12月20日，厦大正式停课，厦大师生带着大量珍贵书籍、实验仪器长途跋涉，风餐露宿，向长汀进发。,"['A. 1937年', 'B. 1938年', 'C. 1939年', 'D. 1940年']",正确答案：A
厦门大学内迁长汀艰苦办学体现了厦门大学“四种精神”中的（ ）。,"['A. 爱国精神', 'B. 革命精神', 'C. 科学精神', 'D. 自强精神']",正确答案：D
大学生小王在某日接到一个电话，自称为淘宝客服人员，因小王在淘宝网上消费记录良好，特为小王返还消费额的20%。对方称为了接收返还款，要求小王先提交一定数额的“账户保证金”，此时小王应该怎么做？（ ）,"['A. 按照对方要求，提供保证金，等待返还款。', 'B. 立即联系辅导员咨询此类事件是否可信，同时确认个人淘宝账号是否安全，不轻信陌生来电。', 'C. 置之不理。']",正确答案：B
大学生小李在QQ上收到来自许久不联系的同学消息，对方称因有急事，需要向小李借钱，并提供了一个银行账户。此时小李应该怎么做？（ ）,"['A. 碍于同学情面，答应借钱，转账给他。', 'B. 以自己同样缺钱为由，搁置不理。', 'C. 立即电话联系该同学，核实QQ是否被盗，同时通知共同好友，谨防诈骗。']",正确答案：C
大学生小赵收到一条短信，称“赵某您好！这是您入学以来我校对您的综合评价t.cn/Rqx6eFT[辅导员]”。此时小赵应该怎么做？（ ）,"['A. 点开链接，查看“综合评价”。', 'B. 删除短信，置之不理。', 'C. 立即电话联系辅导员，确认辅导员是否发过此类短信，并提醒周边同学谨防恶意链接。']",正确答案：C
王亚南校长曾出国留学，归国后与其挚友郭大力一同将（）引入中国。,"['A. 《共产党宣言》', 'B. 《资本论》']",正确答案：B
王亚南教授任厦大校长期间，聘请了一批优秀人才。这其中就包括中国著名数学家（）,"['A. 陈省身', 'B. 丘成桐', 'C. 华罗庚', 'D. 陈景润']",正确答案：D
在校园成长阶段，我们应该做到：（ ）,"['A. 完成学业', 'B. 学会独立生活，学会自己承担责任', 'C. 学会独立自主做决定', 'D. 学会在同伴处获得安慰、陪伴与支持']",正确答案：A、B、C、D
逆商包括那几个因素？（ ）,"['A. 控制感', 'B. 起因和责任归属', 'C. 影响范围', 'D. 持续时间']",正确答案：A、B、C、D
阿德勒在《生命的科学》一书中提到的人生三大问题是：（ ）,"['A. 学业问题', 'B. 职业问题', 'C. 婚姻和恋爱的问题', 'D. 社会适应问题']",正确答案：B、C、D
国家安全是安邦定国的重要基石，（    ）是全国各族人民根本利益所在。,"['A. 加快经济发展', 'B. 维护国家统一', 'C. 促进国际合作', 'D. 维护国家安全  ']",正确答案：D
党的十九大报告指出，加强（    ），增强全党全国人民国家安全意识，推动全社会形成维护国家安全的强大合力。,"['A. 国家安全教育', 'B. 舆论宣传', 'C. 法制教育', 'D. 司法打击']",正确答案：A
在防控新冠肺炎疫情中，新纳入国家安全体系的是（   ）。,"['A. 应急体系安全', 'B. 卫生安全', 'C. 城市安全', 'D. 生物安全']",正确答案：D
习近平总书记针对国际安全问题指出：“既重视自身安全，又重视共同安全，打造（    ），推动各方朝着互利互惠、共同安全的目标相向而行。”,"['A. 共同安全体', 'B. 综合安全体', 'C. 命运共同体', 'D. 安全共同体']",正确答案：C
间谍罪最高可处（  ）。,"['A. 死刑', 'B. 无期徒刑', 'C. 十年以上有期徒刑', 'D. 死缓']",正确答案：A
有参加间谍组织或者接受间谍组织及其代理人的任务的犯罪行为，危害国家安全的，属于（  ）。,"['A. 背叛国家罪', 'B. 间谍罪', 'C. 投敌叛变罪', 'D. 为境外非法提供情报罪']",正确答案：B
国家安全工作的根本是（  ）。,"['A. 人民安全', 'B. 政治安全', 'C. 经济安全', 'D. 社会安全']",正确答案：B
每年（  ）为全民国家安全教育日。,"['A. 12月4日', 'B. 4月15日', 'C. 3月15日', 'D. 11月1日']",正确答案：B
国家安全机关受理公民和组织举报电话为（）。,"['A. 12335', 'B. 12339', 'C. 12345', 'D. 12399']",正确答案：B
关于维护国家安全的责任和义务，下列不负有此项义务的是（  ）。 ,"['A. 台湾公民张某', 'B. 香港某科技公司', 'C. 美籍华人李某', 'D. 在美留学生刘某']",正确答案：C
任何个人和组织不得有危害国家安全的行为，不得向危害国家安全的个人或者组织提供任何（）。,"['A. 资金', 'B. 协助', 'C. 资助', 'D. 以上全是']",正确答案：D
国家安全机关因反间谍工作需要，可以依照规定（    ）有关组织和个人的电子通信工具、器材等设备、设施。,"['A. 扣押', 'B. 查验   ', 'C. 没收', 'D. 销毁']",正确答案：B
在境外受胁迫或者受诱骗参加敌对组织、间谍组织，从事危害中华人民共和国国家安全的活动，及时向中华人民共和国驻外机构如实说明情况，或者入境后直接或者通过所在单位及时向国家安全机关、公安机关如实说明情况，并有（     ）表现的，可以不予追究。,"['A. 自首', 'B. 立功', 'C. 悔改', 'D. 重大立功']",正确答案：C
不具有记者身份的境外人员自行进行采访报道活动，属于（    ）行为。,"['A. 越权行为', 'B. 非法采访', 'C. 非法就业', 'D. 非法旅行']",正确答案：B
（    ）的国防教育是全民国防教育的基础。,"['A. 机关单位', 'B. 军事单位', 'C. 学校', 'D. 科研机构']",正确答案：C
现代邪教一般打着（）、气功、传统文化等旗号招揽信众，对此，人们要保持清醒的认识。,"['A. 宗教', 'B. 政治', 'C. 经济', 'D. 旅游']",正确答案：A
邪教通常利用各种（），引诱信徒消极厌世，挑动他们对现实和政府的不满情绪。,"['A. 社会矛盾    ', 'B. 家庭问题    ', 'C. 人际关系问题    ', 'D. 环境问题']",正确答案：A
邪教“教主”为了达到（）的目的，散布“末世论”等谣言，威胁恐吓群众，让一些人产生依赖、恐惧心理，扰乱社会秩序。,"['A. 教主崇拜    ', 'B. 环境保护    ', 'C. 强身健体    ', 'D. 社会和谐']",正确答案：A
邪教“教主”在群众面前神化自己，鼓吹自己是无所不能的“神”，号称拥有许多超自然的（）。,"['A. 神力和权力   ', 'B. 能力和义务 ', 'C. 功夫和力气   ', 'D. 物质和能量']",正确答案：A
邪教“教主”利用散布歪理邪说、谎言骗局、心理暗示等手法，对其组织成员实施“洗脑术”，并用惩罚、威胁等恐吓手段，让人“进得来，出不去”，人人自危，从而达到（）的目的。,"['A. 练习功法    ', 'B. 精神控制  ', 'C. 健身强体    ', 'D. 包治百病']",正确答案：B
我国《宗教事务条例》规定，信教公民的集体宗教活动，一般应当在（）举行。,"['A. 经登记的宗教活动场所内', 'B. 商业场所', 'C. 中小学内', 'D. 公开场所']",正确答案：A
上网时发现邪教宣传内容，正确的做法是（）。,"['A. 仔细阅读相关内容', 'B. 向别人传播', 'C. 不听、不看、不信、不传', 'D. 下载并保存']",正确答案：C
发现有人散发邪教宣传品，正确的做法是（）。,"['A. 立即制止，并在第一时间报警', 'B. 接受宣传品', 'C. 不管不问', 'D. 阅读宣传品上的相关信息']",正确答案：A
邪教不是宗教。,"['A. 对', 'B. 错']",正确答案：A
邪教的产生、发展和蔓延有着深刻、复杂的历史、文化、经济、社会根源，也深受国际环境影响，与邪教组织的斗争将是长期、复杂、艰巨的。,"['A. 对', 'B. 错']",正确答案：A
处理邪教问题要坚持“团结教育挽救绝大多数，依法打击极少数”的基本政策。,"['A. 对', 'B. 错']",正确答案：A
邪教之所以要编造“末世论”等恐怖言论来恐吓人，目的是先把人吓住，再骗人信其邪说，进其圈套，以此对成员进行精神控制，进而支配他们的行为。,"['A. 对', 'B. 错']",正确答案：A
当发现具有邪教特征的非法聚会和其他活动时，要赶紧向公安机关报告。,"['A. 对', 'B. 错']",正确答案：A
邪教常常利用封建迷信编造歪理邪说，因此，要防范和抵御邪教，必须崇尚科学，破除迷信。,"['A. 对', 'B. 错']",正确答案：A
信邪教不仅不能治病，反而会延误治疗，甚至危及生命。,"['A. 对', 'B. 错']",正确答案：A
当有人拉拢你参与邪教活动时，应该绝不参加并立即报警。,"['A. 对', 'B. 错']",正确答案：A
当收到印有邪教宣传内容的人民币，或发现有人在人民币上涂印邪教宣传内容时，可以收下这些人民币，以后再花出去。,"['A. 对', 'B. 错']",正确答案：B
邪教活动的明显特征是无视和践踏法律，法律是同邪教斗争的有力武器。,"['A. 对', 'B. 错']",正确答案：A
取缔“法轮功”是依照我国法律进行的。,"['A. 对', 'B. 错']",正确答案：A
一些邪教组织打着宗教的旗号进行违法犯罪活动，司法机关对这类违法犯罪分子依法惩处，是为了更好地保护公民宗教信仰自由的权利和正常的宗教活动。,"['A. 对', 'B. 错']",正确答案：A
在我国，公民宗教信仰自由是宪法和法律所保护的重要权利。,"['A. 对', 'B. 错']",正确答案：A
在学校课堂传播邪教的行为，应受法律追究。,"['A. 对', 'B. 错']",正确答案：A
"采用一种或多种传播手段,使大量主机感染病毒,从而在控制者和被感染主机之间形成一个可一对多控制的网络。该网络通常称为( ) ","['A. 钓鱼网络', 'B. 游戏网络', 'C. 僵尸网络', 'D. 互联网络']",正确答案：C
"在网络纠纷案件中,网络游戏客户的号码被盗,应采取的合理措施是( ) ","['A. 向网站客服投诉请求解决', 'B. 拨打120', 'C. 拨打 119 ', 'D. 找网络黑客再盗回来']",正确答案：A
大学生在自我素质塑造中，必须着眼于（）的提高,"['A. 社会意识', 'B. 法律意识', 'C. 自我保护', 'D. 自我安全能力']",正确答案：D
行人大风天气在农村公路边行走，遇到车辆驶来时，为了躲避扬尘，最危险的是(    ),"['A. 尽量靠公路边走', 'B. 横过公路', 'C. 在路边停下来躲避', 'D. 戴眼镜和口罩']",正确答案：B
消防工作贯彻的方针（）。,"['A. 防患于未然', 'B. 预防结合，防消结合', 'C. 预防为主，及时营救', 'D. 有事再说']",正确答案：B
当看到一辆小轿车撞倒行人后逃逸，这时应(    ),"['A. 记住肇事车辆的号牌等特征，立即报警', 'B. 赶快离开现场以免造成不必要的麻烦', 'C. 自行抢救受伤人员', 'D. 自行追赶肇事车辆']",正确答案：A
在办公室中如何避震(    ),"['A. 站在窗边观察外面的情况，再决定如何逃生', 'B. 请示单位领导，以便采取统一的行动', 'C. 避开灯具、电脑等物品、设备', 'D. 一动不动']",正确答案：C
当遇到火灾时，要迅速向（）逃生？,"['A. 着火相反的方向', 'B. 人员多的方向', 'C. 人员少的方向', 'D. 安全出口的方向']",正确答案：D
乘坐的客车在高速公路上发生故障，不能继续行驶，这时应当(    ),"['A. 在车上等候救援', 'B. 站在车辆后方协助疏导', 'C. 站在车辆前方躲避', 'D. 撤离到护栏以外的安全地带']",正确答案：D
某位学生搭乘飞机回学校，突然收到一条短信，提示飞机因为某些原因无法正常起飞，需要退票、退款，请你及时与短信上的电话联系。这种现象你认为这是（）。,"['A. 航空公司主动服务。', 'B. 不管是不是真的，还是以航空公司官方网站的联系方式来咨询核实。', 'C. 这是人家好心，应该相信。', 'D. 以上都不对。']",正确答案：B
甲某在浏览网页时，在某网站上看到有年息百分之二十的高额回报的理财产品，想着生活费还有余量，正确的做法（）,"['A. 没有免费的馅饼，退出网站，不予理会。', 'B. 这么高的利息会不会是骗子啊，但是看了该网站上的各类资格证书都有，这下放心投资了。', 'C. 我周边办厂做生意的老板都没有这么高的利润，肯定是骗子。', 'D. 记住了理财有风险，购买需谨慎。']",正确答案：A
某位同学网上买了东西，物流出发后一直没其他动静，第二天收到快递公司的电话，称将同学的快递弄丢，要给他三倍赔偿，同时将快递单号、姓名、身份信息、快递内容信息准确说出，并说明要理赔的话可以添加微信填写链接进行理赔申请。该同学的准确做法应是？（）,"['A. 能够准确说出我的所有信息，可以相信。', 'B. 添加微信，按照对方发来的链接（理赔网站）进行理赔申请。', 'C. 快递公司一般不会主动理赔，绝不添加微信、扫描二维码、点击链接，致电官方电话，寻找客服核实。', 'D. 以上都不对。']",正确答案：C
避雷击时正确的姿势是什么(    ),"['A. 站立或快速跑动', 'B. 手拉手站在一起', 'C. 双手抱膝并蹲下，尽量低头，注意不要用手去碰触墙面', 'D. 席地而坐，双手合印']",正确答案：C
可以用水扑灭火灾的是下列（）物质？,"['A. 油类起火', 'B. 酒精起火', 'C. 电器起火', 'D. 棉被起火']",正确答案：D
发现食物中毒后，自己能采取的最有效的应急措施是什么（）,"['A. 多喝开水。', 'B. 催吐。', 'C. 找解毒药。', 'D. 不了了之。']",正确答案：B
使用灭火器扑灭火灾时要对准火焰（）喷射,"['A. 上部', 'B. 中部', 'C. 根部', 'D. 都可以']",正确答案：C
学生宿舍防火要做的要求（）,"['A. 不得私自拉接电线电路', 'B. 不得使用大功率电器', 'C. 不得使用假冒伪劣电器', 'D. 不得违规使用电热器具']",正确答案：A、B、C、D
汽车上发生火灾时如何逃生，以及正确的做法（）,"['A. 立即让司机停车', 'B. 打开车门有序地下车', 'C. 拥挤着下车，自己逃命重要', 'D. 紧急情况下，可在车停稳后从车窗跳下']",正确答案：A、B、D
作为当代大学生应怎样维护国家安全？,"['A. 要始终树立国家利益高于一切的观念', 'B. 要努力熟悉相关的国家安全的活动、法规', 'C. 要善于识别各种伪装。', 'D. 要克服妄自菲薄等不正确思想,要积极配合国家安全机关的工作。']",正确答案：A、B、C、D
发生溺水事故的主要原因（）,"['A. 泳技不好、水情不熟', 'B. 潜水、碰撞', 'C. 好奇心促使下水、大意', 'D. 疾病、抽筋']",正确答案：A、B、C、D
集体宿舍应注意哪些事项？（）,"['A. 经常检查宿舍门窗，如发现损坏，及时报修', 'B. 就寝前，要注意关好门窗。天热也不例外，防止不法分子趁熟睡时作案', 'C. 夜间上厕所时，如走廊、厕所公共照明灯具已坏，应带上手电筒；返回时，应记住关好门', 'D. 夜间如有人敲门问讯，应保持高度警惕']",正确答案：A、B、C、D
恐怖主义，是一种旨在通过制造恐怖气氛，引起社会注意，以威胁有关政府和社会，为达到某种政治或社会目的的服务的，无论弱者或者强者都可以采用的针对非战斗目标（特别是无辜平民目标）的暗杀、爆炸、绑架与劫持人质、劫持交通工具、投毒、危害计算机系统以及其他形式的违法或刑事犯罪性质的暴力、暴力威胁或暴力破坏活动。,"['A. 对', 'B. 错']",正确答案：A
喝酒后喝一杯咖啡可以解酒。,"['A. 对', 'B. 错']",正确答案：B
反复烧开的水含亚硝酸盐，不宜饮用。,"['A. 对', 'B. 错']",正确答案：A
如果遇到同学与熟人打架，你在劝解时要注意公道，不可偏袒，在采取隔离措施时，应当先拉自己的同学，以免对方误解偏架或将你误以为对方的同伙而受到无端的伤害,"['A. 对', 'B. 错']",正确答案：A
任何单位、个人都有维护消防安全、保护消防设施、预防火灾、报告火警的义务。,"['A. 对', 'B. 错']",正确答案：A
小孙收到淘宝客服的信息，称有一笔退款需要退回账户，请小孙登录信息中的网址，进行确认，小孙立刻登录旺旺与电商客服在线确认是否有此事件。,"['A. 对', 'B. 错']",正确答案：A
恶意传播系统漏洞知识，教唆他人攻击、入侵网站或信息系统的，视情节轻重，给予（    ）以上处分,"['A. 严重警告', 'B. 记过', 'C. 留校察看', 'D. 开除学籍']",正确答案：A
抢夺、敲诈勒索、诈骗公私财物的，视情节轻重，给予（    ）以上处分：,"['A. 严重警告', 'B. 记过', 'C. 留校察看', 'D. 开除学籍']",正确答案：B
盗窃公私财物，案值在三千元以上的，视情节轻重，给予（   ）以上处分：,"['A. 严重警告', 'B. 记过', 'C. 留校察看', 'D. 开除学籍']",正确答案：C
在留校察看期间又因违法、违规、违纪应当受到学校纪律处分的，给予（   ）处分：,"['A. 警告', 'B. 严重警告', 'C. 记过', 'D. 开除学籍']",正确答案：D
故意为他人打架提供工具，未造成伤害的，给予（   ）处分,"['A. 严重警告', 'B. 记过', 'C. 留校察看', 'D. 开除学籍']",正确答案：A
以窃取、偷窥、偷拍等方式侵犯他人隐私的，视情节轻重，给予(   )以下处分：,"['A. 严重警告', 'B. 记过', 'C. 留校察看', 'D. 开除学籍']",正确答案：C
冒用学校或校内单位的名义从事各类活动，侵害学校利益，给学校造成不良影响或损失的，视情节轻重，给予（   ）以上留校察看以下处分,"['A. 严重警告', 'B. 记过', 'C. 留校察看', 'D. 开除学籍']",正确答案：A
学生受到（  ）以下处分的，其处分材料真实完整地存入文书档案：,"['A. 严重警告', 'B. 记过', 'C. 留校察看', 'D. 开除学籍']",正确答案：A
违反学校学生团体管理规定，从事违法、违规和违纪活动的，视情节轻重，给予相关责任人（   ）以上处分,"['A. 严重警告', 'B. 记过', 'C. 留校察看', 'D. 开除学籍']",正确答案：A
"在学术活动中违背学术诚信、学术道德,有由他人代写、为他人代写或组织代写论文的行为,情节较为严重的，给予(   )以上处分","['A. 严重警告', 'B. 记过', 'C. 留校察看', 'D. 开除学籍']",正确答案：A
"在考试中作弊的,由他人代替考试或代替他人考试、组织作弊、使用通讯设备作弊及有其他严重作弊行为的，给予(   )以上处分","['A. 严重警告', 'B. 记过', 'C. 留校察看', 'D. 开除学籍']",正确答案：C
一学期内旷课累计达四十学时的，给予（   ）处分,"['A. 严重警告', 'B. 记过', 'C. 留校察看', 'D. 开除学籍']",正确答案：A
冒用学校或校内单位的名义从事各类活动，侵害学校利益，给学校造成不良影响或损失的，视情节轻重，给予严重警告以上（   ）以下处分,"['A. 警告', 'B. 记过', 'C. 留校察看', 'D. 开除学籍']",正确答案：C
故意伤害他人身体，未造成伤害后果的，给予(   )以下处分：,"['A. 严重警告', 'B. 记过', 'C. 留校察看', 'D. 开除学籍']",正确答案：A
在宿舍区内有出租、出借宿舍、床位行为的，视情节轻重，给予（   ）以上处分,"['A. 警告', 'B. 记过', 'C. 留校察看', 'D. 开除学籍']",正确答案：A
"在学术活动中违背学术诚信、学术道德,有伪造或者篡改数据、文献，捏造事实的行为,情节较为严重的，给予(   )以上处分","['A. 严重警告', 'B. 记过', 'C. 留校察看', 'D. 开除学籍']",正确答案：A
在公共场所或学生宿舍内，观看带有淫秽内容的文字或音像制品，经告诫不改的，给予（   ）处分：,"['A. 警告', 'B. 记过', 'C. 留校察看', 'D. 开除学籍']",正确答案：A
除开除学籍外，处分期限原则上为一年，从（  ）起计算;处分期内的表现由学生所在学院（研究院、教学部）负责考察。,"['A. 违纪发生', 'B. 下达处分', 'C. 处分决定作出之日', 'D. 通知处分']",正确答案：C
监考老师或其它考试工作人员在考试过程中，发现考生违纪、作弊或扰乱考场者，是否可以暂扣用于作弊的材料与工具（   ）：,"['A. 可以', 'B. 不可以', 'C. 等请示后再定', 'D. 视具体情况而定']",正确答案：A
未经允许使用他人、组织的账号、密码，造成不良影响或严重后果的，视情节轻重，给予（    ）以上处分,"['A. 严重警告', 'B. 记过', 'C. 留校察看', 'D. 开除学籍']",正确答案：A
侮辱他人或捏造事实诽谤、诬告陷害他人，造成不良后果或性质恶劣的，视情节轻重，给予（   ）以上处分。,"['A. 严重警告', 'B. 记过', 'C. 留校察看', 'D. 开除学籍']",正确答案：A
违反学校学生住宿管理规定，在宿舍区有从事或协助他人从事营利性活动，扰乱宿舍区管理和生活秩序的，经告诫不改的，视情节轻重，给予（   ）以上处分,"['A. 警告', 'B. 记过', 'C. 留校察看', 'D. 开除学籍']",正确答案：A
过失损坏公私财物，造成较大损失的，视情节轻重，给予（   ）以下处分：,"['A. 严重警告', 'B. 记过', 'C. 留校察看', 'D. 开除学籍']",正确答案：B
在学生集体宿舍内留宿异性或在异性学生集体宿舍内留宿的，视情节轻重，给予记过或（    ）处分,"['A. 警告', 'B. 记过', 'C. 留校察看', 'D. 开除学籍']",正确答案：C
故意制作、传播计算机病毒等破坏性程序，影响他人计算机信息系统正常运行的，视情节轻重，给予（    ）以上处分,"['A. 严重警告', 'B. 记过', 'C. 留校察看', 'D. 开除学籍']",正确答案：A
初次违纪且情节较为轻微、按规定应给予（   ）以下处分的学生，如能正确认识自己的错误，可向学校申请免于纪律处分：,"['A. 严重警告', 'B. 记过', 'C. 留校察看', 'D. 开除学籍']",正确答案：A
违反学校学生住宿管理规定，在宿舍区有其他违反学校学生住宿管理规定行为的，经告诫不改的，视情节轻重，给予（   ）以上处分,"['A. 警告', 'B. 记过', 'C. 留校察看', 'D. 开除学籍']",正确答案：A
有其他违反国家、学校计算机网络管理规定的行为，造成不良影响或严重后果的，视情节轻重，给予（    ）以上处分,"['A. 严重警告', 'B. 记过', 'C. 留校察看', 'D. 开除学籍']",正确答案：A
故意传播他人隐私的，视情节轻重，给予（   ）以上处分。其中，以营利为目的的，从重处分。,"['A. 严重警告', 'B. 记过', 'C. 留校察看', 'D. 开除学籍']",正确答案：B
一学期内旷课累计达三十学时，给予（   ）处分,"['A. 警告', 'B. 记过', 'C. 留校察看', 'D. 开除学籍']",正确答案：A
学生违纪处分材料应包括以下（   ）内容：,"['A. 违纪事实的调查结果及处分意见材料', 'B. 当事人询问笔录', 'C. 其他证据材料（书证、物证、证人证言等）', 'D. 老师对违纪学生的态度看法']",正确答案：A、B、C
考生在考试中，有下列（  ）行为者，应当认定为考试违纪：,"['A. 未经监考教师同意在考试过程中擅自离开考场的', 'B. 将试卷、答卷、草稿纸等考试用纸带出考场的', 'C. 发现危险情况，向监考老师发出提醒', 'D. 未在规定的座位参加考试的']",正确答案：A、B、D
学生在考试中，有下列（  ）行为者，应当认定为考试违纪：,"['A. 在考场或者考场周围，喧哗或者实施其他影响考场秩序的行为的', 'B. 将试卷、答卷、草稿纸等考试用纸带出考场的', 'C. 身体出现急性病情，向监考老师要求离开考场', 'D. 未在规定的座位参加考试的']",正确答案：A、B、D
纪律处分的种类包括以下（   ）：,"['A. 严重警告', 'B. 记过', 'C. 留校察看', 'D. 开除学籍']",正确答案：A、B、C、D
伪造、变造、买卖或者非法取得学校公文、证件、证书、证明、成绩单、印章、保密文件材料和个人档案的，视情节轻重，给予严重警告以上处分。,"['A. 对', 'B. 错 ']",正确答案：A
在校园内酗酒闹事、起哄、喧哗、摔砸物品的，视情节轻重，给予开除学籍看以下处分。,"['A. 对', 'B. 错']",正确答案：B
在校园内违规驾驶机动车辆，视情节轻重，给予警告以上处分。其中，无证驾驶机动车辆或驾车伤人的，给予严重警告以上处分。,"['A. 对', 'B. 错']",正确答案：B
"故意损坏公私财物,造成损失或性质恶劣的，视情节轻重,给予严重警告以上处分。过失损坏公私财物，造成较大损失的，视情节轻重，给予留校察看以下处分。","['A. 对', 'B. 错']",正确答案：B
学生对学校的处理或处分决定有异议的，可以在学校送达处理或处分决定书之日起（   ）日内通过校团委提出申诉：,"['A. 5', 'B. 10', 'C. 15', 'D. 30']",正确答案：B
违反学校管理规定，转借、转让、使用学校公文、证件、证书、证明、成绩单、印章、保密文件材料和个人档案，经告诫不改的，视情节轻重，给予（   ）以下处分：,"['A. 严重警告', 'B. 记过', 'C. 留校察看', 'D. 开除学籍']",正确答案：C
学生对学校的处分决定有异议的，可以在学校处分决定书送达之日起（）个工作日内，向学校学生申诉处理委员会提出书面申诉：,"['A. 15', 'B. 7', 'C. 8', 'D. 10']",正确答案：D
组织、利用、参加会道门、邪教组织或利用迷信扰乱公共秩序的，视情节轻重，给予（   ）以上处分：,"['A. 严重警告', 'B. 记过', 'C. 留校察看', 'D. 开除学籍']",正确答案：B
在校园内违规驾驶机动车辆，无证驾驶机动车辆或驾车伤人的，给予（   ）以上处分：,"['A. 警告', 'B. 记过', 'C. 留校察看', 'D. 开除学籍']",正确答案：B
在学校公告栏公布处分决定的，自发出公告之日起，经过（）日，即视为送达：,"['A. 5', 'B. 10', 'C. 15', 'D. 20']",正确答案：C
违反学校学生住宿管理规定，在宿舍区有高空抛物或引发高空坠物安全隐患的，经告诫不改的，视情节轻重，给予（   ）以上处分,"['A. 警告', 'B. 记过', 'C. 留校察看', 'D. 开除学籍']",正确答案：A
学生对学校的处分决定有异议的，可以在学校处分决定书送达之日起（）日内，向学校学生申诉处理委员会提出书面申诉。,"['A. 5', 'B. 10', 'C. 15', 'D. 20']",正确答案：B
违反学校学生住宿管理规定，在宿舍区有违反学校作息制度，扰乱他人正常生活秩序的，经告诫不改的，视情节轻重，给予（   ）以上处分,"['A. 警告', 'B. 记过', 'C. 留校察看', 'D. 开除学籍']",正确答案：A
冒领、隐匿、毁弃或私自开拆他人通知单据、邮件等的，视情节轻重，给予（   ）以下处分：,"['A. 严重警告', 'B. 记过', 'C. 留校察看', 'D. 开除学籍']",正确答案：B
学生提出申诉时，应当递交书面的申诉书。申诉书应载明内容不包括以下（）： ,"['A. 申诉人的姓名、所在院系、专业和年级、住所、联系方式、通信地址及其他基本情况', 'B. 申诉的请求和所根据的事实与理由', 'C. 证据和证据来源', 'D. 同学及老师的相关评价']",正确答案：D
违反教室、实验室、图书馆和计算机房等教学、科研、学习场所管理规定，经告诫不改，未造成严重后果的，给予(   )处分,"['A. 警告', 'B. 记过', 'C. 留校察看', 'D. 开除学籍']",正确答案：A
斗殴终止后又报复打人，扩大事态的，视情节轻重，给予（   ）以上处分,"['A. 严重警告', 'B. 记过', 'C. 留校察看', 'D. 开除学籍']",正确答案：B
"在学术活动中违背学术诚信、学术道德,有未参加创作，在他人学术成果上署名的行为,情节较为严重的，给予(   )以上处分","['A. 严重警告', 'B. 记过', 'C. 留校察看', 'D. 开除学籍']",正确答案：A
在公共场所或学生宿舍内，观看带有淫秽内容的文字或音像制品，对集体观看的组织者，视情节轻重，给予（   ）或（   ）处分：,"['A. 严重警告、记过', 'B. 警告、记过', 'C. 严重警告、留校察看', 'D. 严重警告、留校察看']",正确答案：A
引起事端或激化矛盾，造成打人、打群架等后果的肇事者，视情节轻重，给予（   ）以下处分,"['A. 严重警告', 'B. 记过', 'C. 留校察看', 'D. 开除学籍']",正确答案：B
学生在考试中，有下列（   ）行为者，应当认定为考试违纪,"['A. 在考试过程中旁窥、交头接耳、互打暗号或者手势的 ', 'B. 携带考试禁带物品进入考场或者未放在指定位置的', 'C. 身体出现急性病情，向监考老师要求离开考场', 'D. 在考试开始信号发出前答题']",正确答案：A、B、D
污损建筑物、公用设备，或违章张贴、悬挂条幅、攀折花木，经告诫不改的，给予严重警告处分。,"['A. 对', 'B. 错']",正确答案：B
未经批准，一学期内连续离校天数达四天以上，经告诫不改的，视情节轻重，给予留校察看以下处分。法定节假日和学校规定的假期同样计入连续天数的计算。,"['A. 对', 'B. 错']",正确答案：B
处分决定自送达之日起生效。,"['A. 对', 'B. 错']",正确答案：A
制作、运输、复制、出售、出租淫秽的书刊、图片、影片、音像制品等淫秽物品或者利用计算机信息网络、电话以及其他通讯工具传播淫秽信息的，视情节轻重，给予(   )以上处分：,"['A. 严重警告', 'B. 记过', 'C. 留校察看', 'D. 开除学籍']",正确答案：C
"在学术活动中违背学术诚信、学术道德,有未经他人许可，不当使用他人署名的行为,情节较为严重的，给予(   )以上处分","['A. 严重警告', 'B. 记过', 'C. 留校察看', 'D. 开除学籍']",正确答案：A
"在学术活动中违背学术诚信、学术道德,有抄袭、剽窃、侵占他人学术成果的行为,情节较为严重的，给予(   )以上处分","['A. 严重警告', 'B. 记过', 'C. 留校察看', 'D. 开除学籍']",正确答案：A
违反学校学生住宿管理规定，在宿舍区有存放易燃、易爆、有毒、强腐蚀性或强放射性等危险品的，经告诫不改的，视情节轻重，给予（   ）以上处分,"['A. 警告', 'B. 记过', 'C. 留校察看', 'D. 开除学籍']",正确答案：A
考试结束后，监考教师、考试工作人员或违规学生所在学院（研究院、教学部）应立即将学生考试违规记录和证据材料移送教务处或研究生院，并协助做好调查取证工作；教务处或研究生院按下列（   ）规定的违纪处分程序办理,"['A. 《厦门大学学生违纪处分规定》', 'B. 《厦门大学学生考试违规处理办法》', 'C. 《厦门大学学生申诉办法》', 'D. 学生所在学院的具体规定']",正确答案：A
"在学术活动中违背学术诚信、学术道德,有篡改他人研究成果的行为,情节较为严重的，给予(   )以上处分","['A. 严重警告', 'B. 记过', 'C. 留校察看', 'D. 开除学籍']",正确答案：A
抢夺财物案值在一千元以上、敲诈勒索财物案值在两千元以上、诈骗财物案值在三千元以上的，视情节轻重，给予（    ）以上处分：,"['A. 严重警告', 'B. 记过', 'C. 留校察看', 'D. 开除学籍']",正确答案：C
学生因违纪行为给国家、集体、他人造成财产损失、名誉损害，或给他人造成人身伤害的，应当（  ）：,"['A. 修理、重作、更换', 'B. 赔礼道歉', 'C. 恢复原状', 'D. 赔偿损失']",正确答案：B、C、D
有（）行为的，视情节轻重，给予严重警告以上处分。,"['A. 非法入侵他人计算机信息系统，造成危害的', 'B. 未经允许使用他人或组织的账号、密码，造成不良影响及后果的', 'C. 故意制作传播计算机病毒等破坏性程序，影响他人计算机信息系统正常运行的', 'D. 恶意传播系统漏洞知识，教唆他人攻击、入侵网站或信息系统的']",正确答案：A、B、C、D
有下列行为之一的，视情节轻重，给予留校察看以上处分（  ）:,"['A. 卖淫', 'B. 嫖娼', 'C. 注射吸食毒品', 'D. 参与传销或者变相传销活动']",正确答案：A、B、C
冒用学校或校内单位的名义从事各类活动，侵害学校利益，给学校造成不良影响或损失的，视情节轻重，给予严重警告以上留校察看以下处分。,"['A. 对', 'B. 错']",正确答案：A
在宿舍区内有出租、出借宿舍、床位行为的，视情节轻重，给予警告以上处分。,"['A. 对', 'B. 错']",正确答案：A
组织、煽动罢课、闹事的，视情节轻重，给予严重警告以上处分。,"['A. 对', 'B. 错']",正确答案：B
一学期内旷课累计达二十学时的，给予警告处分；达三十学时的，给予严重警告处分；达四十学时的，给予记过处分。学时按教务部门规定的实际开课计划计算。,"['A. 对', 'B. 错']",正确答案：B
动手打人未伤他人的，视情节轻重，给予（   ）以下处分,"['A. 严重警告', 'B. 记过', 'C. 留校察看', 'D. 开除学籍']",正确答案：B
在学校内组织宗教活动或传教，视情节轻重，给予（   ）以上处分：,"['A. 严重警告', 'B. 记过', 'C. 留校察看', 'D. 开除学籍']",正确答案：B
捏造、散布虚假、不良信息，造成不良影响或严重后果的，视情节轻重，给予严重警告以上（   ）以下处分,"['A. 警告', 'B. 记过', 'C. 留校察看', 'D. 开除学籍']",正确答案：C
有以下（   ）情形的，应当从轻、减轻或者免于处分：,"['A. 情节轻微的', 'B. 胁迫、诱骗他人或者教唆他人违纪的', 'C. 勾结校外人员的', 'D. 伪造、销毁、藏匿证据的']",正确答案：A
违反国家法律、法规，组织、参加未经批准的集会、游行、示威，造成不良影响或后果的，视情节轻重，给予（   ）以上处分：,"['A. 严重警告', 'B. 记过', 'C. 留校察看', 'D. 开除学籍']",正确答案：A
明知是赃物而窝藏、销毁、转移的，视情节轻重，给予（    ）以上处分：,"['A. 严重警告', 'B. 记过', 'C. 留校察看', 'D. 开除学籍']",正确答案：A
有其他违反考场纪律或扰乱考场和考试工作场所秩序行为的，视情节轻重，给予(   )以下处分,"['A. 严重警告', 'B. 记过', 'C. 留校察看', 'D. 开除学籍']",正确答案：C
"在学术活动中违背学术诚信、学术道德,有购买、出售论文或者组织论文买卖的行为,情节较为严重的，给予(   ）以上处分","['A. 严重警告', 'B. 记过', 'C. 留校察看', 'D. 开除学籍']",正确答案：A
学生免于纪律处分的申请经初审通过后，应按规定参加社区服务。社区服务工作应适合学生身心特点，具体形式由学生工作处指定。,"['A. 对', 'B. 错']",正确答案：A
被开除学籍的学生，由学校发给学习证明。学生按学校规定期限离校，档案、户口退回其家庭户籍所在地。,"['A. 对', 'B. 错']",正确答案：A
侵吞或挪用公共款物，案值不足六百元的，给予（    ）以下处分：,"['A. 严重警告', 'B. 记过', 'C. 留校察看', 'D. 开除学籍']",正确答案：A
通过语言、文字、影像、图片、肢体行为等方式对他人进行性骚扰，视情节轻重，给予（   ）以上处分：,"['A. 严重警告', 'B. 记过', 'C. 留校察看', 'D. 开除学籍']",正确答案：A
在校园内酗酒闹事、起哄、喧哗、摔砸物品的，视情节轻重，给予（   ）以下处分,"['A. 严重警告', 'B. 记过', 'C. 留校察看', 'D. 开除学籍']",正确答案：C
故意为他人打架提供工具，造成伤害的，视情节轻重，给予（   ）以上处分,"['A. 严重警告', 'B. 记过', 'C. 留校察看', 'D. 开除学籍']",正确答案：B
非法入侵他人计算机信息系统，造成危害的，视情节轻重，给予（    ）以上处分,"['A. 严重警告', 'B. 记过', 'C. 留校察看', 'D. 开除学籍']",正确答案：A
